Song_name,Start_letter,End_letter
Dream,D,M
Reflection (Mirror Night),R,N
Jumpy star,J,R
Wings of piano,W,O
Nine point eight,N,T
Light pollution,L,N
Undo,U,O
Platinum,P,M
Utopiosphere,U,E
Reverse - Parallel Universe,R,E
I hate to tell you,I,U
Saika,S,A
YUBIKIRI-GENMAN,Y,N
Evolution Era,E,A
Invite,I,E
Run Go Run,R,N
Yawning Lion,Y,N
Pulses,P,S
Electron,E,N
Untitled2,U,2
Walking by the sea,W,A
Beyond The Stratus,B,S
Sairai,S,I
Entrance,E,E
Magnolia,M,A
Angelic Sphere,A,E
Leviathan,L,N
Post-script,P,T
Light pollution,L,N
Nine point eight,N,T
Platinum,P,M
Undo,U,O
Pulses,P,S
Reflection (Mirror Night),R,N
Saika,S,A
YUBIKIRI-GENMAN,Y,N
Legacy,L,Y
Fluquor,F,R
Invite,I,E
Suspenseful Third Day,S,Y
Revival,R,L
Angelic Sphere,A,E
Infinite Puzzle,I,E
Altale,A,E
Entrance,E,E
Marigold,M,D
Magnolia,M,A
Suspenseful Third Day,,
Living In The One,,
Legacy,,
Sunset,,
Sakura iro no yume,,
La Promesse,,
ANiMA,,
The Beautiful Moonlight,,
Fluquor,,
Myosotis,,
Altale,,
Altale,,
Run Lads Run,,
Starting Wind,,
Farewell Waltz,,
Revival,,
Ark of Desire,,
Futarimiti,,
Shadow in the mirror,,
nightfall,,
Yaoyue,,
Kimi ga Nokoshita Sekai de,,
Guardian,,
Rainbow's End,,
Post-script,,
H,,
Tree of Dreams,,
White Rain,,
Infinite Puzzle,,
Spring Snowflake Flower,,
Little Love,,
Lonely Pianist,,
Miracle of Daybreak,,
Waltz in Devil's Playground,,
Aquamarine,,
Go or Stay,,
Ruins in the Mirage,,
White Fantasy,,
Last Promise,,
tomoshibi,,
Out of Natura,,
ripples,,
A Little Servant,,
Clover Snow,,
Ensemble Curtain Fall,,
Aquarelle: 010,,
Out of the Box,,
Shedding Season,,
Still-Waking Sleep (DEEMO edit),,
If I Can See You Again,,
Ray Of Sunshine,,
witch hunting,,
LandScape,,
Empedrado,,
Hana no Kotoba,,
Lavuestia Mutanz,,
Matricaria -Pazs cfzj ze Epfbfzm-,,
Dance in the midnight,,
Tempest,,
Arekstrar Nornir,,
saeru,,
in a cradle,,
Lose my mind,,
Alice good night,,
Deemo Goodbye,,
Toshi no kokyu,,
Path and Period,,
Voice of Cell,,
Valle De Los Caidos,,
Lost in the nowhere,,
The 105th Days,,
Reverence (Deemo ver),,
Aragami,,
Parodia Sonatina Var.II,,
Amber Wishes (Deemo edit),,
The way home,,
Marigold,,
Tristesse,,
Intermezzo in A Major,,
Rhapsody in B minor,,
Pathetique,,
Ballade No.1,,
Invention No.1,,
Aufschwung,,
Turkish March,,
Moonlight,,
Flight of the Bumblebee,,
Impromptu No.3,,
Venetian Gondellied,,
Piano Sonata No.3,,
Waltz No.1,,
La Campenella,,
The Story Unfolds,T,S
Hesitant Blade,H,E
Rayark 7th Main Theme,R,E
HYAKKA RYOURAN,H,N
Knots Way,K,Y
Randall,R,L
Will,W,L
Land of Giants,L,S
The secret tale,,
Starry Sky Embrace,,
Out of Ctrl,,
Out of Sense,,
Amagiri,,
A Collection of Names,,
Rhapsody on a Theme of Aud Be'af,,
u7228,,
Locum )-( Janus,,
Sonatina for Bygone Piano,,
Starry Night,,
Three Years Diary,,
Girl Meets World,,
doll eyes,,
Naughty Cats,,
I Want You Back,I,K
Lets Meet Here Again,L,N
Rainbow Time Machine,R,E
"Symphonic Poem ""Forbidden Love""",S,M
Clock of fifth,C,H
To Live,T,E
Hypnos,H,S
Cloud9,C,9
Bad Elixir,B,R
Mistilteinn,M,N
3piece-JazzParty!,,
RIN,,
KAICHUTEIEN WO MOTSU SYOUJO,,
No Gravity,,
Toryu,,
Hello From Planet,H,T
Night Code Cinderella,N,A
Purification,P,N
Demonic Pray,D,Y
Ever After Story,E,Y
Glaciology,G,Y
Berlin Station Chief,B,F
Sikar,S,R
If Any,I,Y
No Man’s Land,N,D
Wondering Luv,W,V
Shiny!,S,Y
Queen on Ice,Q,E
Chaos and Abyss -2nd Movement-,C,S
Ms.Velmuda and the Crystal Ark,M,K
The Daydreaming Girl,T,L
Wisteria,W,A
Falling Star,F,R
Spring Breeze,S,E
Valentining,V,G
Glim,G,M
Snow thaw,S,W
The Last Decision,T,N
Hakoniwa Daybreak,H,K
Never Ending Tales,N,S
Abiogenesis,A,S
Kaguya,K,A
Quimi (DEEMO Edit),Q,I
Soaring,S,G
FEHLT -DEEMO edition-,F,T
Inperfects,I,S
Chat perdu,C,U
Beyond that Notes,B,S
ALiUS,A,S
Sonitus orationis,S,S
One Way Love,O,E
Blossoms for Life,B,E
Juicy Gossip,J,P
Light of Buenos Aires,L,S
Chocolate Missile,C,E
eterno,E,O
Liar,L,R
Blue evenfall,B,L
Exodus,E,S
Squeaky Mind,S,D
Reincarnation,R,N
Miocene,M,E
Funeral of Stars,F,S
Attic Dancer,A,R
Liquid Labyrinth,L,H
Cristalisia,C,A
Nidhogg,N,G
Aya,A,A
Instinct,I,T
XYZ,X,Z
Stare at Your Enemies,S,S
Little Dissonance,L,E
Clematis,C,S
The Day It Blooms,T,S
Alternative Choice,A,E
Farewell,,
Winter (Deemo Ver.),,
Fluffie Partie,,
Snowflakes,,
kouyou,,
Beyond the Altostratus (DEEMO Ver.),,
Cheezie Bountie,,
Continuum (DEEMO Ver.),,
Midnight Alleys,,
"Fur War, Pur War",,
Aurarobe,A,E
Pharmacy of heart,P,T
Red Storm Sentiment,R,T
Ukakuf Kins,U,S
vandarhythm,V,M
Are You Ready,A,Y
Dusk to Dawn,D,N
En ga Chop,E,P
Funky Quest,F,T
I lost my flp,I,P
Artemis,A,S
Elysion,E,N
The beauties of nature,T,E
Don’t go - stay with me forever,D,R
A song for you,A,U
Alexithymia,A,A
CHAOS MAGNVM,C,M
Dyslexia,D,A
Grimoire of Blue,G,E
Librum clausi,L,I
Determination,D,N
10 -ichizero-,1,0
Pandora's Box,P,X
RE:UNION -Duo Blade Against-,R,N
Scherzo -pain in rain-,S,O
glory day (DEEMO Arr.),,
Far East Princess (DEEMO Arr.),,
OBLIVION (DEEMO Arr.),,
Heart of Witch (DEEMO Arr.),,
Nightmare (DEEMO Arr.),,
Mirage,,
Blurred Distance,,
Thief of the Gleaming Star,,
Show Start!,,
Fighting Sprit,,
Eltina,,
Samishigariya no gaisen,,
Caramel Custard,,
Noblesse Oblige,,
Hanomai,,
Oceanus,,
Dedication,,
Snowscape,,
White Palette,,
Long Summer,,
Discovored Attack,D,K
Monochrome Anomaly,M,Y
Kyuten Sekai no Shonen,K,N
Longinus,L,S
Mirage of Mind,M,D
Loadstar,,
Lune,,
Moon Halo,,
Stellar,,
Wicked Fate,,
Cradle Waltz,C,Z
Deerstalker,D,R
Nyanya no Uta,N,A
Sagashimono,S,O
Sandglass,S,S
Yoake no Uta,Y,A
Adaptation Window,A,W
CydraL,C,L
Erua,E,A
Koqurow,K,W
Rhuzerv,R,V
Daylight,D,T
from RestedPoint,F,T
Rise Up,R,P
Rebellion,R,N
Need Your Luv,N,V
Earlier Than Today,E,Y
For Sis,F,S
Say Hi,S,I
Am I delicious,A,S
Merry go round girl,M,L
Monokuro no kaze,M,E
Orca,O,A
Sincerity,S,Y
Atlantis Love,A,E
Melody Of Elves,M,S
Paper Plane's Adventure,P,E
Pure White,P,E
Xue Wu,X,U
Dream of Dreams,D,S
Finding Home,F,E
Imagining,I,G
Reminiscence,R,E
Time Forgotten,T,N
Sea Side Road,S,D
Run Away Run,R,N
Falling Ears,F,S
Flowers Above Your Head,F,D
Almost Morning,A,G
Delivery,,
Encumbrance,,
Expansion,,
Mellow,,
Overlong,,
CREAM STEW (Deemo Ver.),,
I can not say (Deemo Ver.),,
Image (Deemo Ver.),,
kireigoto (Deemo Ver.),,
NEW WORLD (Deemo Ver.),,
Everybody Koishiteru (Deemo Ver.),E,U
Hello (Deemo Ver.),H,O
Lassi (Deemo Ver.),L,I
Platonic Electro (Deemo Ver.),P,O
Travelling (Deemo Ver.),T,G
Penglai Movement,,
Money & Money,,
Phubbing,,
Protest,,
A New Home,,
AngelFalse,,
imp,,
MagiCatz,,
Poem of Rapture,,
Rondo for 97Keys,,
Rain of Flowers,R,S
The Bisque Doll and 14 Bunnies,T,S
Another Katharsis,A,S
Eternity,E,Y
Conflict (VILA Remix),C,T
Fable,F,E
Past the Stargazing Season,P,N
Ephemeral,E,L
Rosetta,R,A
Witch's Invitation,W,N
A Turtle's Heart,,
Cerebrite,,
Imagined Flight,,
Space Colony,,
UFO,,
Bathtub Mermaid,B,D
DK,D,K
Ga1ahad and Scientific Witchery,G,Y
Ikutoshitsuki,I,I
Milk,M,K
The Way We Were,T,E
The Sanctuary,T,Y
The Red Coronation,T,N
Forbidden Codex,F,X
Knight Of Firmament,K,T
Lord Of Crimson Rose,L,E
Predawn,P,N
The Fallen Bloom,T,M
Where You Are Not,W,T
Music,M,C
DRG,D,G
Libera me,L,E
Precipitation,P,N
Sacred,S,D
The Black Case,T,E
Future World,F,D
Holy Knight,H,T
Niflheimr,N,R
Parousia,P,A
Recollections,R,S
L1: Loneliness,,
L2: Liberation,,
L3: Leverage,,
L4: Latent,,
L5: Lapse,,
L6: Lunatic,,
L7: Legion,,
L8: Lost,,
L9: Lament,,
L10: Largo,,
Metal Hypnotized,M,D
Rainy Memory,R,Y
Peach Lady,P,Y
Hey Boy,H,Y
Pilot,P,T
vivere la vita,V,A
Friction,F,N
I race the dawn,I,N
Moon without the stars,M,S
Sanctity,S,Y
Hua Sui Yue,H,E
Little Corgi's Dream,L,M
Morning Drops,M,S
The Letter,T,R
The Truth That You Leave,T,E
Veritas,V,S
AciculignosA,,
blooming spring,,
Lifill,,
Toys Etude,,
Re: the Full moon World.,,
Alice in Secret Circus,,
Anticipation,,
Graduation Song,,
LILI,,
Sprout,,
Eltina,,
Samishigariya no gaisen,,
Caramel Custard,,
Noblesse Oblige,,
Hanomai,,
Level Zero,,
PUPA,,
Ragnarok,,
To next page,,
Memory of Skyblue,,
Butterfly,,
DIARY,,
Fis-sure,,
Wish upon a shooting star,,
They seem like blossoms yet ...,,
Yoake o matsu kimi no uta,,
Final Rush,,
Like Asian Spirit,,
Paraline,,
Scherzo,,
Ancient Rose,A,E
Carnation,C,N
Delusion (Yume-Maboroshi),D,N
Frozen Emotion,F,N
Scent,S,T
Magical Wonderland (More colorful mix),M,D
Iyaiya,I,A
Wonderful Pain,W,N
Breaking Dawn,B,N
单向地铁,D,E
Frost Land,F,D
Heart-Pounding Flight,H,T
Pancake is Love,P,E
时光涂鸦,S,A
Evolution,E,N
海豚与广播,D,T
Yuki no Shizuku Ame no Oto,Y,O
Best One,B,E
糖果色恋爱学,C,Y
Night Wander (cnsouka Remix),N,R
Dohna Dohna no Uta,D,A
Spring Carnival,S,L
DISCO NIGHT,D,T
Koi no Moonlight,K,T
恋爱语音导航,L,N
Lights of Muse,L,E
midstream jam,M,M
Nihao,N,O
Confession,C,N
Galaxy Striker,G,R
Departure Road,D,D
Bass Telekinesis,B,S
Cage of almeria,C,A
Ira,I,A
Blackest Luxury Car,B,R
Medicine of sing,M,G
irregulyze,I,E
I don't care about Christmas though,I,H
Imaginary World,I,D
Dysthymia,D,A
新世界より,S,I
NISEGAO,N,O
Say! Fanfare!,S,E
Star Driver,S,R
Formation,F,N
Shinsou Masui,S,I
Mezame Eurythmics,M,S
Shenri Kuaira -repeat-,S,A
Latitude,L,E
Aqua Stars,A,S
Funkotsu Saishin Casino,F,O
Clock Room & Spiritual world,C,D
INTERNET OVERDOSE,I,E
徒 花,T,A
Mujinku-Vacuum Track#ADD8E6-,M,U
MilK,M,K
umpopoff,U,F
Mopemope,M,E
Out of Sense,O,E
My Life is For You,M,U
Etude -Sunset-,E,E
Goodbye Boss,G,S
Stargazer,S,R
Lys Tourbillon,L,N
Glimmer,G,R
EXIST,E,T
Irreplaceable,I,E
The Happycore Idol,T,L
天津甕星,A,I
ARIGA THESIS,A,S
ナイト・オブ・ナイツ,N,S
#Psychedelic_Meguro_River,P,R
can you feel it,C,T
Midnight O'clock,M,K
Rin,R,N
Smile-mileS,S,S
Sunshine and Rainbow after August Rain,S,N
Magical Number,M,R
Dreaming Girl,D,L
Daruma-san Fell Over,D,R
Different,D,T
The Future of the Phantom,T,M
速溶霓虹,,
星球上的追溯詩,,
我要買買買,I,Y
約會宣言,,
初雪,,
心上華海,,
魔咒,,
斑斓星，彩绘，旅行诗,,
Satell Knight,S,T
Black River,B,R
生而为人，我很抱歉,,
Ueta Tori Tachi,U,I
SWEETSWEETSWEET,S,T
深蓝与夜的呼吸,,
Joy Connection,J,N
Self Willed Girl Ver.B,S,L
就是不听话,,
Holy Shit Grass Snake,H,E
雨后甜点,,
告白应援方程式,,
Omatsuri,O,I
FUTUREPOP,F,P
The Breeze,T,E
I LOVE LETTUCE FRIED RICE!!,I,E
Girly Cupid,G,D
sheep in the light,S,T
Breaker city,B,Y
heterodoxy,H,Y
Computer Music Girl,C,L
焦点,,
琉璃色前奏曲,C,E
Neonlights,N,S
Hope for the flowers,H,S
Seaside Cycling on May 30,S,0
SKY↑HIGH,S,H
Mousou Chu!!,M,U
Maharajah,M,H
keep on running,K,G
Käfig,K,G
-+,M,S
Tenri Kaku Jou,T,U
Adjudicatorz-DanZai,A,I
MUSEDASH!!!!,M,H
Imprinting,I,G
Skyward,S,D
La nuit de vif,L,F
Bit-alize,B,E
GOODTEK(Hyper Edit),G,K
Thirty Million Persona,T,A
conflict,C,T
Enka Dance Music,E,C
XING,X,G
Amakakeru Soukyuu no Serenade,A,E
Gift box,G,X
Leave It Alone,L,E
Tsubasa no Oreta Tenshitachi no Requiem,T,M
Chronomia,C,A
Dandelion's Daydream,D,M
Lorikeet ~Flat design~,L,T
GOODRAGE,G,E
Brave My Heart,B,T
Sakura Fubuki,S,I
8bit Adventurer,8,R
Suffering of screw,S,W
tiny lady,T,Y
Power Attack,P,K
Elysion's Old Mans,E,S
AXION,A,N
Amnesia,A,A
Onsen Dai Sakusen,O,N
Gleam stone,G,E
GOODWORLD,G,D
Cotton Candy Wonderland,C,D
Punai Punai Taiso,P,O
Fly↑High,F,H
prejudice,P,E
The 89's Momentum,T,M
energy night (DASH mix),E,T
Moonlight Banquet,M,T
Flashdance,F,E
INFiNiTE ENERZY -Overdoze-,I,Y
One Way Street,O,T
This Club is Not 4 U,T,U
ULTRA MEGA HAPPY PARTY!!!,U,Y
The Last Page,T,E
IKAROS,I,S
Tsukuyomi,T,I
FULi AUTO SHOOTER,F,R
Future Stream,F,M
GOODFORTUNE,G,E
Heisha Onsha,H,A
Ginevra,G,A
Paracelestia,P,A
un secret,U,T
Good Life,G,E
ニニ-nini-,N,I
The 90's Decision,T,N
Medusa,M,A
Final Step!,F,P
MAGENTA POTION,M,N
Cross†Ray,C,Y
Square Lake,S,E
MuseDashを作っているPeroPeroGamesさんが倒産しちゃったよ〜,M,O
MARENOL,M,L
僕の和風本当上手,B,U
Rush B,R,B
DataErr0r,D,R
Burn,B,N
Rush-More,R,E
Kill My Fortune,K,E
Yosari Tsukibotaru Suminoborite,Y,E
JUMP! HardCandy,J,Y
종다리,J,I
OCCHOCO-REST-LESS,O,S
Party in the HOLLOWood,P,D
嘤嘤大作战,,
Howlin' Pumpkin,H,N
Bang!!,B,G
Paradise II,P,I
Symbol,S,L
Nekojarashi,N,I
A Philosophical Wanderer,A,R
异想天,I,N
On And On!!,O,N
Trip,T,P
Hoshi no otoshimono,H,O
Plucky Race,P,E
Fantasia Sonata Destiny,F,Y
Run through,R,H
Oriens,O,S
PUPA,P,A
Luna Express 2032,L,2
Ukiyoe Yokochou,U,U
Alice in Misanthrope,A,E
GOODMEN,G,N
Brave My Soul,B,L
Halcyon,H,N
Crimson Nightingle,C,E
Invader,I,R
Lyrith,L,H
GOODBOUNCE (Groove Edit),G,E
Altale,A,E
Brain Power,B,R
Berry Go!!,B,O
Sweet* Witch* Girl*,S,L
trippers feeling!,T,G
Lilith ambivalence lovers,L,S
Destr0yer,D,R
Noël,N,L
Kyouki Ranbu,K,U
Two Phace,T,E
Fly Again,F,N
ouroVoros,O,S
Gaikan Chrysalis,G,S
Sterelogue,S,E
Cheshire's Dance,C,E
Skrik,S,K
Soda Pop Canva5!,S,5
ЯUBY:LINTe,R,E
Future Dive,F,E
Re : End of a Dream,R,M
Etude -Storm-,E,E
Unlimited Katharsis,U,S
Magic Knight Girl,M,L
Eeliaas,E,S
INFINITY,I,Y
Punai Punai Senso,P,O
Maxi,M,I
YInMn Blue,Y,E
Plumage,P,E
Dr.Techro,D,O
The Nightscape,T,E
FREEDOM DiVE,F,E
Φ,P,I
Lueur de la nuit,L,T
Creamy Sugary OVERDRIVE!!!,C,E
Disorder,D,R
Legend of Eastern Rabbit -SKY DEFENDER-,L,T
ENERGY SYNERGY MATRIX,E,X
Punai Punai Genso ~Punai Punai in Wonderland~,P,O
Better Graphic Animation,B,N
Variant Cross,V,S
Ultra Happy Miracle Bazoooooka!,U,A
NightTheater,N,R
Cutter,C,R
竹,B,O
enchanted love,E,E
c.s.q.n,C,N
Booouncing!!,B,G
tape/stop/night,T,T
Pixel Galaxy,P,Y
Notice,N,E
sᴛʀᴀᴡʙᴇʀʀʏ ɢᴏᴅᴢɪʟʟᴀ,S,A
OKIMOCHI EXPRESSION,O,N
君とpool disco,K,O
去剪海的日子,,
happy hour,H,R
Seikimatsu no Natsu,S,U
twinkle night,T,T
ARUYA HARERUYA,A,A
Blush,B,H
裸のSummer,H,R
BLESS ME(Samplingsource),B,E
FM 17314 SUGAR RADIO,F,O
Daisuki dayo,D,O
恋愛回避依症,,
Pray a Love,P,E
Nyan Cat,N,T
ペロペロ in the Universe,P,E
陰キャ陽キャ陰陽師,I,I
KABOOOOOM!,K,M
Doppelganger,D,R
夔,K,I
男子in★バーチャランド,D,O
D.Y.I.,D,I
DarakuDatenshi,D,I
Reminiscence,R,E
假面日记,,
Daydream Girl,D,L
Ornamentじゃない (Muse Dash mix),O,I
Baby Pink (w/ YUC` e),B,K
ここにいる (I`m Here),I,E
marooned night,M,T
Can I friend you on Bassbook? lol,C,L
Gaming☆Everything,G,G
Renji de haochi ☆Denshi choriki shiyou chuka ryori 4000nen rekishi shunkan chori kanryo butouteki ryoricho☆,R,I
You Make My Life 1UP,Y,P
"Newbies take 3 years, geeks 8 years, and internets are forever",N,R
Onegai!Kon kon Oinarisama,O,A
Groove Prayer,G,R
FUJIN Rumble,F,E
"Marry me, Nightmare",M,E
HG魔改造ポリビニル少年,H,N
聖者の息吹,S,I
ouroboros -twin stroke of the end-,O,S
Preparara,P,A
Whatcha;Whatcha Doin',W,N
Madara,M,A
pICARESq,P,Q
Desastre,D,E
Shoot for the Moon,S,N
Fireflies (Funk Fiction remix),F,S
Light up my love!!,L,E
Happiness Breeze,H,E
Chrome VOX,C,X
CHAOS,C,S
Saika,S,A
Standby For Action,S,N
Hydrangea,H,A
Amenemhat,A,T
Santouka,S,A
HEXENNACHTROCK-katashihaya-,H,K
Blah!!,B,H
ALiVE,A,E
BATTLE NO.1,B,1
Cthugha,C,A
TWINKLE★MAGIC,T,C
Comet Coaster,C,R
XODUS,X,S
NO ONE YES MAN,N,N
雪降り、メリクリ （MD edit）,Y,I
Igallta,I,A
Super Battleworn Insomniac,S,C
BOMB-SNIFFING POMERANIAN,B,N
롤러 디스코 럼블,R,E
Rose Garden,R,N
EMOMOMO,E,O
Heracles,H,S
Bad Apple!! feat. nomico,B,O
緋色月下、狂咲ノ絶,H,U
色は匂へど散りぬるを,I,O
Chirno's Perfect Math Class,C,S
Flowery Moonlit Night,F,T
Unconscious Requiem,U,M
ONOMATO Pairing!!!,O,G
with U,W,U
Chariot,C,T
GASHATT,G,T
LIN NE KRO NE feat. lasah,L,H
ANGEL HALO,A,O
Cyaegha,C,A
Nightmare,N,E
Give Me 5,G,5
Can We Talk,C,K
Fancy Night,F,T
Y (CE Ver.),Y,Y
Don't Die,D,E
Memory of Beach,M,H
Jealousy,J,Y
U.A.D,U,D
Elastic Star,E,R
Oblivion,O,N
I want You,I,U
Groovin Up,G,P
Bright Dream,B,M
glory day,G,Y
2Nite,2,E
비상 ~Stay With Me~,S,R
Armored Phantom,A,M
Beautiful Day,B,Y
Beyond Yourself,B,F
Binary World,B,D
BlackCat,B,T
"Bullet, Wanted!",B,D
Child of Night,C,T
Don't Die,D,E
Enter The Universe,E,E
Far East Princess,F,S
glory day,G,Y
Groovin Up,G,P
Heavenly,H,Y
KILLER BEE,K,E
Kung Brother,K,R
Liar,L,R
Lift You Up,L,P
Mulch,M,H
NB RANGER - Virgin Force,N,E
Only for you,O,U
OPEN FIRE,O,E
quixotic,Q,C
Remains Of Doom,R,M
Royal Clown,R,N
Runaway,R,Y
Running girl,R,L
Ruti'n (GOTH Wild Electro Remix),R,N
Secret Dejavu,S,U
Shadow Flower,S,R
The Feelings,T,S
The Lost Story,T,Y
The Obliterator,T,R
U.A.D,U,D
v o l d e n u i t,V,T
waiting for me,W,E
Waiting for you,W,U
We're All Gonna Die,W,E
WHY,W,Y
Always,A,S
Fly Away,F,Y
Tok! Tok! Tok!,T,K
Over Your Dream,O,M
Void,V,D
Alone,A,E
Boom!,B,M
NEON 1989 (ESTi Remix),N,9
Ghost Voices,G,S
Sad Machine,S,E
Bleed,B,D
Kingdom,K,M
So Happy,S,Y
Get Jinxed,G,D
POP/STARS,P,S
Chemical Slave,C,E
RockSTAR,R,R
Watch Your Step,W,P
혜성,C,T
I want You ~반짝★반짝 Sunshine~,I,U
염라,K,A
Dance of the Dead,D,D
Grid System,G,M
서울여자,S,Y
Relation Again (ESTi's Remix),R,N
너로피어오라,F,G
Alone,A,E
너랑 있으면,T,U
Aurora Borealis,A,S
Airlock,A,K
Daylight,D,T
OrBiTal,O,L
Angelic Tears,A,S
바람에게 부탁해,A,D
바람에게 부탁해 Live Mix,A,D
아침형 인간,E,G
피아노 협주곡 1번,P,1
A.I,A,I
Astro Fight,A,T
BlythE,B,E
Bright Dream,B,M
Can We Talk,C,K
Catch Me,C,E
Chrono Breakers,C,S
CnP,C,P
Dreadnought,D,T
Elastic Star,E,R
End of the Moonlight,E,T
Enemy Storm,E,M
Eternal Memory ~소녀의 꿈~,E,Y
Extreme Z4,E,4
FEAR,F,R
Fever GJ,F,J
FTR,F,R
Funky Chups,F,S
Futurism,F,M
HAMSIN,H,N
JBG,J,G
Jupiter Driving,J,G
KUDA,K,A
Lemonade,L,E
Let's Go Baby,L,Y
Light House,L,E
Long Vacation,L,N
Luv Flow,L,W
MASAI,M,I
Memory of Beach,M,H
Minimal Life,M,E
NB Ranger,N,R
Never Say,N,Y
OBLIVION,O,N
OBLIVION ~Rockin' Night Style~,O,N
ON,O,N
One the Love,O,E
Out Law,O,W
Para Q,P,Q
Ray of Illuminati,R,I
RED,R,D
REVENGE,R,E
Road Of Death,R,H
Rock Or Die,R,E
Save My Dream,S,M
SIN,S,N
SIN ~The Last Scene~,S,N
Sunny Side,S,E
Sunny Side ~Deepn' Soul Mix~,S,E
Temptation,T,N
Triple Zoe,T,E
Ya! Party!,Y,Y
설레임,H,T
태권부리,T,I
A Lie,A,E
Another DAY,A,Y
Brain Storm,B,M
Brandnew Days,B,S
Brave it Out,B,T
Bye Bye Love,B,E
Chain of Gravity,C,Y
Cherokee,C,E
DIVINE SERVICE,D,E
Dream of You,D,U
Fallen Angel,F,L
Fentanest,F,T
For Seasons,F,S
For the IKARUS,F,S
Get On Top,G,P
GET OUT,G,T
Good Bye,G,E
Hello Pinky,H,Y
Higher,H,R
Ladymade Star,L,R
Lost n' found,L,D
Memoirs,M,S
Mess it Up,M,P
Midnight Blood,M,D
Miles,M,S
Minus 3,M,3
My Alias,M,S
NANO RISK,N,K
NB POWER,N,R
NB Rangers -Returns-,N,S
Negative Nature,N,E
Nightmare,N,E
Phantom of Sky,P,Y
Plastic Method,P,D
Right Now,R,W
Rocka-a-doodle-doo,R,O
Rolling On the Duck,R,K
Seeker,S,R
Showtime,S,E
Smoky Quartz,S,Z
sO mUCH iN LUV,S,V
SQUEEZE,S,E
STALKER,S,R
StarFish,S,H
Stay with me,S,E
Sunset Rider,S,R
Syriana,S,A
White Blue,W,E
Yellowberry ~AJ Mix~,Y,Y
Yo Creo Que Si,Y,I
Your Own Miracle,Y,E
바람의 기억,M,D
A Lie ~Deep Inside Mix~,A,E
Bye Bye Love ~Nu Jazz Mix~,B,E
Catch You,C,U
For Seasons ~Air Guitar Mix~,F,S
Get Out ~Hip Noodle Mix~,G,T
Mind Control,M,L
My Jealousy,M,Y
NB Girls,N,S
Someday,S,Y
sO mUCH iN LUV ~Melodic Twisted Mix~,S,V
STOP,S,P
Streetlight,S,T
Syriana ~Blast Wave Mix~,S,A
Talk! Talk!,T,K
The One,T,E
Ventilator,V,R
Yo Creo Que Si ~Live House Version~,Y,I
Your Own Miracle ~Disco House Mix~,Y,E
ZET,Z,T
Nevermind,N,D
"고백,꽃,늑대",P,F
내게로 와,C,E
너에게,T,U
영원,F,R
Closer,C,R
Coastal Tempo,C,O
Color,C,R
Creator,C,R
DARK ENVY,D,Y
Electronics,E,S
Fate,F,E
First Kiss,F,S
Flea,F,A
Freedom,F,M
Here in the Moment,H,T
In My Heart,I,T
Love Mode,L,E
Lover (~CE Style~),L,R
Tell Me,T,E
The Clear Blue Sky,T,Y
The Night Stage,T,E
Urban Night,U,T
Y (CE Style),Y,Y
Rising The Sonic,R,C
Access,A,S
Area 7,A,7
Beyond the Future,B,E
Dear my Lady,D,Y
DJMAX,D,X
Fury,F,Y
HEXAD,H,D
Honeymoon,H,N
I want You,I,U
Landscape,L,E
Melody,M,Y
Play the Future,P,E
Remember,R,R
Shoreline,S,E
SON OF SUN,S,N
SuperSonic,S,C
Sweet Shining Shooting Star,S,R
The Last Dance,T,E
Thor,T,R
Voyage,V,E
Do you want it,D,T
"고백,꽃,늑대 part.2",P,F
Beat U Down,B,N
Colours of Sorrow,C,W
Cypher Gate,C,E
Desperado,D,O
Fermion,F,N
Fever Pitch Girl,F,L
Get Down,G,N
Grave Consequence,G,E
Heart of Witch,H,H
In my Dream,I,M
Jealousy,J,Y
Keys to the World,K,D
Lovely hands,L,S
Lover ~BS Style~,L,R
PDM,P,M
Ready Now,R,W
Ruti'n,R,N
Secret World,S,D
Y ~BS Style~,Y,Y
ANALYS,A,S
Here in the Moment ~Extended Mix~,,
SON OF SUN ~Extended Mix~,,
Airwave ~Extended Mix~,,
Airwave,A,E
BEE-U-TIFUL,B,L
Burn it Down,B,N
Cosmic Fantastic Lovesong,C,G
Cozy Quilt,C,T
D2,D,2
Dream of Winds,D,S
Dual Strikers,D,S
Eternal Fantasy ~유니의 꿈~,E,Y
La Campanella : Nu Rave,L,E
Love is Beautiful,L,L
MonoXide,M,E
Nova ~Mr.Funky Remix~,N,A
Put'Em Up,P,P
Puzzler,P,R
Rage Of Demon,R,N
Say it from your heart,S,T
Sweet Dream,S,M
The Guilty,T,Y
Trip,T,P
XLASHER,X,R
Thor (Extended Mix),,
Y (Extended Mix),,
End of Mythology,E,Y
설레임 Part.2,H,T
유령,G,T
AD2222,A,2
A Life With You,A,U
Angel,A,L
Bamboo on Bamboo,B,O
Black Swan,B,N
Dark Prism,D,M
Dream Again,D,N
EGG,E,G
Emblem,E,M
Fallin' in LUV,F,V
Feel Ma Beat,F,T
Give Me 5,G,5
Kung-Fu Rider,K,R
"My Heart, My Soul",M,L
Now a NEW Day,N,Y
Out of CTRL,O,L
Over The Rainbow,O,W
Right Back,R,K
Showdown,S,N
SigNalize,S,E
SuperNova,S,A
Supersonic 2011,S,1
Wanna Be Your Lover,W,R
Xeus,X,S
You & Me,Y,E
AD2222(Extended Mix),,
EGG(Extended Mix),,
ALiCE,A,E
Cosmic Elevator,C,R
Feel,F,L
Knowledge System,K,M
Real Over Drive,R,E
Space of Soul,S,L
Super Lovely,S,Y
Urban Night,U,T
Yo! Max!,Y,X
Become Myself,B,F
Break!,B,K
Desperado ~Nu Skool Mix~,D,O
Enemy Storm ~Dark Jungle Mix~,E,M
Everything,E,G
Gone Astray,G,Y
Hanz up!,H,P
IF,I,F
Leave me alone,L,E
Luv Flow ~Funky House Mix~,L,W
Luv is True,L,E
MASAI ~Electro House Mix~,M,I
Mellow D Fantasy,M,Y
NB Ranger : Nonstop Remix,,
Out Law : Reborn,O,W
Raise me up,R,P
Season (Warm Mix),S,N
SuperSonic ~Mr.Funky Dirty Planet Remix~(T2),S,C
The Rain Maker,T,R
Waiting for the Sun,W,N
Your Smile,Y,E
ZET ~Mr.Funky Remix~,Z,T
glory day -JHS Remix-,G,Y
glory day (Mintorment Remix),G,Y
Attack,A,K
BLACK GOLD,B,D
Do it,D,T
Dream it,D,T
Fancy Night,F,T
FIGHT NIGHT (feat. Calyae),F,T
Kensei,K,I
Lisrim,L,M
Lost Serenity,L,Y
Lost Temple,L,E
Maharajah -fenomeno edition-,M,H
Misty Er'A,M,A
Move Yourself,M,F
NANAIRO,N,O
Never Die,N,E
Remember Me,R,E
Space Challenger,S,R
Vile Requiem,V,M
welcome to the space (feat. Jisun),W,E
WONDER $LOT 777,W,7
꿈의 기억 (feat. Jisun),M,M
Arcade Love (feat. KNVWN),A,E
Chrysanthemum,C,M
Cocked Pistol,C,L
Daydream,D,M
FALLING IN LOVE,F,E
Forgotten,F,N
I've got a feeling,I,G
Imaginary dance,I,E
Melonaid,M,D
Never let you go,N,O
Odysseus,O,S
Over Me,O,E
Red Eyes,R,S
Sweet On You,S,U
Underwater Castle,U,E
Vertical Floating,V,G
Voyage,V,E
Won't Back Down,W,N
Zero to the hunnit,Z,T
너로피어오라(Original Ver.),,
염라(Original Ver.),,
Break a Spell,B,L
Holy Orders (Be Just Or Be Dead),H,S
Marionette,M,E
Frontline,F,E
What am I Fighting for?,W,R
Barbarous Funera,B,A
Black MInD,B,D
"Good Night, Bad Luck.",G,K
Got more raves?,G,S
Groove Prayer,G,R
HB-axeleration,H,N
"Marry me, Nightmare",M,E
ouroboros -twin stroke of the end-,O,S
OVER THE NIGHT,O,T
Satisfiction,S,N
Warrior,W,R
Angelic Sphere,A,E
ANiMA,A,A
Dream,D,M
Legacy,L,Y
Magnolia,M,A
Nine Point Eight,N,T
Sairai,S,I
Undo,U,O
Utopiosphere,U,E
YUBIKIRI-GENMAN,Y,N
AXION,A,N
CODE NAME : ZERO,C,O
conflict,C,T
EMber,E,R
Entrance,E,E
L,L,L
Les Parfums de L'Amour,L,R
Mammal,M,L
Myosotis,M,S
Old Gold,O,D
Shoot out,S,T
Ververg,V,G
Cyberozar,C,R
Garakuta Doll Play,G,Y
Ikazuchi,I,I
Ray Tuning,R,G
The wheel to the right,T,T
Trrricksters!!,T,S
안아줘,P,T
HELIX,H,X
In My Heart ~ESTi Remix~,I,T
Obelisque,O,E
U-NIVUS,U,S
"공성전 ~Pierre Blanche, Yonce Remix~",T,E
광명의 루 : 루 라바다,L,A
부여성 ~Blosso Remix~,B,S
소년 모험가 ~SiNA Remix~,Y,R
어릴적 할머니가 들려주신 옛 전설,A,A
연합군과 제국군,A,E
전설이 시작된 곳 ~VoidRover Remix~,W,N
죽음의 신 : 크로우 크루아흐,C,H
최종무곡,T,E
카트라이더 Mashup ~Cosmograph Remix~,K,P
카트라이더 Mashup ~Pure 100% Remix~,K,P
"카트라이더, 크레이지아케이드, 버블파이터 Main theme ~CHUCK Remix~",K,E
Apparition,A,N
Constant Moderato,C,O
It's my War Now,I,W
"Lacheln, The City of Dreams",L,S
Reminiscence,R,E
Start The Adventure ~SOPHI Remix~,S,E
Tayberrs - Collapsed Paradise,T,E
The Little Adventurer,T,R
The Raindrop Flower ~jam-jam Remix~,T,R
Bang!!,B,G
can you feel it,C,T
Comet Coaster,C,R
Cthugha,C,A
DataErr0r,D,R
Dysthymia,D,A
ENERGY SYNERGY MATRIX,E,X
Koi no Moonlight,K,T
Lights of Muse,L,E
MUSEDASH!!!!,M,H
Pancake is Love,P,E
PUPA,P,A
tape/stop/night,T,T
The 90's Decision,T,N
XING,X,G
별빛정원,S,N
A Song of Sixpence,A,E
Back to Life,B,E
Deborah,D,H
Eternal Fantasy (Miya Vocal Mix),E,Y
Festa Nova,F,A
Kal_wrnw,K,W
Love☆panic,L,C
Luv Yourself,L,F
Mukilteo Beach,M,H
Never Ending TECHNIKA,N,A
Renovation,R,N
Retention,R,N
Shining My Boy,S,Y
Silent Clarity,S,Y
Take on Me,T,E
The MAX,T,X
Thor (Deepin' Absonant Mix),T,R
VORTEX,V,X
Techno Racer,T,R
Baby Dance,B,E
Catch The Flow,C,W
Confete,C,E
Dirty D,D,D
Do You Remember?,D,R
Envy Mask (Remaster),E,K
Freedom (Remaster),F,M
Funny Funky,F,Y
Get the beat,G,T
I Do Love You,I,U
I've Fallen (Remaster),I,N
Let It Go,L,O
Look out (Remaster),L,T
Minus 1,M,1
Minus 1 (HD Mix),M,1
Mystic Dream 9903,M,3
Quake in Kyoto,Q,O
The Rhythm (Remaster),T,M
Southwest Cadillac,S,C
Stay (Remaster),S,Y
Yes Yes,Y,S
You love the life you live,Y,E
Ztar warZ,Z,Z
Catch The Flow (Remix),C,W
Combination,C,N
Confete (Evening Mix),C,E
Dieoxin,D,N
Do You Remember? (Remix),D,R
Envy Mask (Remix),E,K
For 3 Weeks,F,S
The Future,T,E
Let It Go (Remix),L,O
Love & Extasy,L,Y
My Honey,M,Y
Mystic Dream 9903 (Horror Mix),M,3
Quake in Kyoto (Mega Mix),Q,O
R.D.M.,R,M
Red Hot,R,T
The Rhythm (Remix),T,M
Special K,S,K
Stay (Radio Edit),S,Y
You love the life you live (Remix),Y,E
Ztar warZ (Remix),Z,Z
Anytime,A,E
Appeal,A,L
Back For More (Remaster),B,E
Back to Bed,B,D
Be My Baby,B,Y
The Boy,T,Y
Damnation,D,N
Departure,D,E
Exist,E,T
Funky 5,F,5
Get It Up,G,P
Hypnotize,H,E
It's My Secret,I,T
I've got this feeling,I,G
Jam,J,M
Minus 1 (Space Mix),M,1
Moving On,M,N
Red Ocean,R,N
Say That U,S,U
Seize The Day,S,Y
Sentimental No! No!,S,O
Showdown,S,N
We Luv Music,W,C
Where's My Girl,W,L
With U Girl,W,L
You Are The One For Me (Remaster),Y,E
찬가 (Remaster),T,J
2.14,2,4
20000000000,2,0
2nd Jewel,2,L
The 3rd Place,T,E
Anemia,A,A
Black Market,B,T
Cosmic Bird,C,D
Give it 2 me,G,E
In a Nutshell,I,L
Lie Lie,L,E
M Police,M,E
Minus 2,M,2
Night Watcher,N,R
R.F.C.,R,C
Sand Storm,S,M
Shake,S,E
Smash,S,H
Sparrow,S,W
Substance,S,E
Y-Gate,Y,E
Aquaris,A,S
B.O.W,B,W
Blue,B,E
Calling me Now,C,W
Climax,C,X
Complex,C,X
Delight,D,T
Eye of Beholder,E,R
Feel So Sad,F,D
Fire Storm,F,M
Futurist (Remaster),F,T
Go!,G,O
J.M.J,J,J
Judgment,J,T
Lovely Day (Remaster),L,Y
Mad Robot,M,T
Metagalactic,M,C
Ready to Yah,R,H
Shout,S,T
Tokyo 9 P.M,T,M
Any way you want it,A,T
Aquaris (Physical Inspiration Hyper Blue Mix),A,S
Cellavue,C,E
I've Fallen (Hot Dog Boogie Groove Mix),I,N
I've got this feeling (Dj.FE Restless Acid Soul Mix),I,G
J.M.J (DFC Space Gear Re-formation),J,J
Memories,M,S
Night Madness,N,S
Panic Strike,P,E
Q Factor,Q,R
Riff Guy,R,Y
Spotlight,S,T
Unknown H2,U,2
Weird Wave,W,E
Zeroize,Z,E
느낌,I,T
Baby Dance (Club Ver.) (Remaster),B,E
Bacardi on the Beach,B,H
Be mine,B,E
Be My Baby (Funky Ver.),B,Y
Be-at Feedback,B,K
The Boy (EK2-Beat Ver.),T,Y
Curse It!,C,T
Dance Machine,D,E
Dance With Me,D,E
Frantic,F,C
I've got this feeling (Extended Ver.),I,G
Jam (A.C Ver.),J,M
Lie Lie (Ceave Beat Ver.),L,E
Move Your Body,M,Y
One Two Three Four,O,R
Refresh,R,H
Stay with me,S,E
Up and down,U,N
With U Girl (Beach Ver.),W,L
You were the one,Y,E
Your Style,Y,E
느낌 (Sonic A.P.E Ver),I,T
찬가 2,T,2
An Old Story,A,Y
The Back of Beyond,T,D
Black Bird,B,D
Black Flame,B,E
Dreamy Flight,D,T
End of Summer,E,R
Energy Flower (Original Mix.),E,R
Explode Engine,E,E
Fallen Angel,F,L
Fell Hound 3,F,3
Forget,F,T
G.O.A,G,A
Gray Hunter,G,R
Gray Street,G,T
Holic,H,C
Hyper Magic,H,C
KAFAT,K,T
Legacy of Hatred (Live),L,D
Legend of Moonlight,L,T
Let me hear your voice,L,E
Mage Girl Story,M,Y
The Prince of Darkness,T,S
One's Trash,O,H
Paradise,P,E
R.E.D,R,D
Return,R,N
Revelation,R,N
Round 3,R,3
Shot Time,S,E
Silver Ocean,S,N
Soul Destructor,S,R
Soul Eater,S,R
Space Destiny,S,Y
Sunlight,S,T
Sweet Heart,S,T
Toy War,T,R
To My Love,T,E
Unrequited Love 2,U,2
White Rose,W,E
The World,T,D
빛바랜영혼,F,T
天地開闢,C,K
Black Industry,B,Y
Black Industry (And More Rock Version),B,Y
Black Key,B,Y
The Boy (Indigo Blue Mix),T,Y
Energy Flower 3007,E,7
First Choice,F,E
The First Movement of Moonlight,T,T
Refresh (Winter Remix),R,H
Round 3 (The First Noel X-mas Edit),R,3
Second Choice,S,E
Sudden Death,S,H
Sweet Land,S,D
T-eMotion,T,N
The World is One's Oyster,T,R
You Keep Me Waiting,Y,G
비온뒤 맑음,C,N
AURA,A,A
The Ashtray,T,Y
Common Story,C,Y
Digital Labyrinth,D,H
Frozen Eyes,F,S
INFINITY,I,Y
KAMUI (神威),K,I
Lucid,L,D
Monochrome,M,E
Nihilism,N,M
SIGMA,S,A
Snow Dream,S,M
Special K (ALTiTUNE Mix),S,K
새와 새의 이야기,T,S
2nd Life,2,E
Absolute Death,A,H
Altered Ego,A,O
Air (EZ2ON Ver.),A,R
Aqua Flow,A,W
Brain Power,B,R
Call me up now,C,W
comet,C,T
DataErr0r,D,R
Daydream,D,M
Don't Say Anything,D,G
Engine,E,E
Enter the Beginning,E,G
Finite,F,E
The Formula,T,A
Freefloat,F,T
GOODTEK,G,K
The Last Page,T,E
LOVE X LIE,L,E
Messier 333,M,3
METATRON,M,N
MilK,M,K
Never Feel This Way,N,Y
Only See Me Now,O,W
picking,P,G
PUPA,P,A
R-decision,R,N
SINGULAR POINT,S,T
SINUS,S,S
starflyer,S,R
TYR,T,R
ULTIMATUM,U,M
WE ALIVE,W,E
#BEYOND,B,D
Black sour Ruby,B,Y
Ctrl + Alt + Del,C,L
Darker than Black,D,K
Encounter on orbit,E,T
Guardian,G,N
Last Knot,L,T
Precision Strike,P,E
Skyline,S,E
sweet★star,S,R
Hi-TECH Soda Machine,H,E
별바라기 (Starseeker),S,R
Destruction,D,N
Regeneraxion,R,N
8th Planet (Progressive House Remix),8,T
Last Flight,L,T
Footprints,F,S
Doll's Garden,D,N
"Wars of the Roses, 1455",W,5
Eraser Rain for GAIA,E,A
Blood Castle (Remix),B,E
Tempus Praeterita,T,A
LOKI,L,I
Le Grand Bleu,L,U
ApolloN,A,N
Atomizer,A,R
Stay (TAK Remix),S,Y
Stay 2022,S,2
Belong To You,B,U
R.F.C. Ⅱ,R,I
Over Drying,O,G
Iron Cloud,I,D
開花,G,A
Glacial Alice,G,E
ATOPY,A,Y
Backfire,B,E
TakeOFF,T,F
Kings,K,S
LIGHTYEAR,L,R
kthnox,K,X
A Showdown Between Two Prideful Geniuses,A,S
고백 (Go Back),G,K
Sakura Garden,S,N
별처럼 (Stella),S,A
Next Endeavour,N,R
Various Ways,V,S
Start Me Up,S,P
MAX301,M,1
Unleashed Emotions,U,S
felys -final remix-,F,S
TRPNO,T,O
coastline,,
Faker,,
Higher,,
JUSTITIA,,
LIMBO,,
Miracle Kiss,,
個人的なメモ (KENPO SAITO),,
Nobody Face Love,,
ROD7,,
TROMA,,
Like This,L,S
Can You Feel,C,L
Cross Time,C,E
Visual Dream,V,M
Move it on (DJ HD Mix),M,N
Feel The O2Jam,F,M
잘가라 (Go Hell),G,L
꿈속의 신부,B,M
Identity Part 2,I,2
아름다운날,A,Y
End of Fight,E,T
Blue Moon,B,N
The Power of Light,T,T
아시나요,A,O
Black Dragon,B,N
Headless Chicken,H,N
Unison System,U,M
바람의 날개,W,D
The Queen,T,N
Start On <RED>,S,D
Starting Point,S,T
"Stay, Dance (feat. Renko)",S,E
Coastral,C,L
Life is PIANO,L,O
Pasteloid,P,D
Raindrops (feat. 倉先),R,S
つきとあい (feat. TooMits),T,I
シルベ -Mage's Dawn Ver.-,S,E
Lady and Lazy,L,Y
MOBILYS,M,S
NeosbladE,N,E
NightTheater,N,R
Nightfall,N,L
Violetism,V,M
Voiden,V,N
CO5M1C R4ILR0AD,C,D
Keep On!,K,N
NULCTRL,N,L
浮世絵横丁,U,Y
MilK,M,K
EMOMOMO,E,O
Playing with Ruby,P,Y
Brain Power,B,R
Brain Power ~Cranky Remix~,B,R
Sunken Memory,S,Y
GOODTEK,G,K
MOON LIGHT DANCE,M,E
魔理沙は大変なものを盗んでいきました,M,G
conflict,C,T
conflict -NOMA CONCEIVER REMIX-,C,T
Azure Eyez,A,Z
Novatail,N,L
夢／あるいは在りし日の,Y,O
Natalia:Code,N,E
Strange Bar,S,R
Retro Color Stage,R,E
Asteroid`s Dream,A,M
Sazanka,S,A
NeosbladE ~X-mas Remix~,N,E
チルノのパーフェクトさんすう教室,C,S
CYBER Sparks,C,S
Paved Garden,P,N
POP SEQUENCE,P,E
Slapstick Parfait,S,T
CROSSING DELTA,C,A
MOON LIGHT DANCE -Full Song- H [M],M,E
Ready to Flight,R,T
Shadow Call (feat. Sennzai),S,L
Into a Frenzy,I,Y
斬鉄剣,Z,N
Shining Aquarius,S,S
Aqua Stars,A,S
Submarine Log,S,G
Crystal,C,L
Dement -After Legend-,D,T
Snow Wolf,S,F
"Bass, House, Rave",B,E
Maris Stella,M,A
Winning Wave,W,E
Full Color Cocktail,F,L
暁の言葉,A,A
Space Carousel,S,L
銀世廻,G,I
Pearly Stars,P,S
WARNING×WARNING×WARNING,W,G
シアワセエゴイスト,S,T
Aquamarine,A,E
One Way Drive,O,E
Influx,I,X
ENERGY SYNERGY MATRIX,E,X
Raintain,R,N
Routeout,R,T
414 PER SPEED,4,D
414 PER SPEED (yomoha Remix),4,D
Tourmaline,T,E
Wolfsbane,W,E
Lemon,L,N
U.S.A,U,A
POP TEAM EPIC,P,C
sugar song and bitter step,S,P
A Cruel Angel's Thesis,A,S
genesis of aquarion,G,N
ETERNAL BLAZE,E,E
Sky blue Days,S,S
Welcome to japari park,W,K
Cloudless,C,S
Charles,C,S
dramaturgy,D,Y
I Want to Be a super Nuko,I,O
Humanoid,H,D
Mirai to Mirai,M,I
Hitogata,H,A
The Light,T,T
AIAIAI (feat. Yasutaka Nakata),A,I
Kirameki Rider,K,I
REFLECT,R,T
The First Sound,T,D
Chururira Chururira Daddadda!,C,A
Two-Sided Lovers / Two-Faced Lovers,T,S
Hello/How Are You,H,U
Happy Synthesizer,H,R
Clockwork Clown,C,N
Thousand Cherry Blossoms,T,S
Bad ∞ End ∞ Night,B,T
Tell Your World,T,D
Six Trillion Years and One Nught Story,S,Y
Brain Fluid Explosion Girl,B,L
Lost One's Weeping,L,G
Tale of the Deep-sea Lily,T,Y
ECHO,E,O
Night Sky Patrol of Tomorrow,H,W
Ghost Rule,G,E
"*Hello, Planet",H,T
Rotten Heresy and Chocolate,R,E
DUNE,D,E
Solar System Disco,S,O
Akane chan Will Listen to Wahtever You Have to Say,A,Y
ROKI,R,I
METEOR,M,R
Greenlights Serenade,G,E
BRING IT ON,B,N
Android Girl,A,L
Children Record,C,D
Please Darling,P,G
LOVE FOR YOU,L,U
My Awaited Won't Come,M,E
Tayutau Love (feat. Rapbit),T,E
Bad Apple!! feat.nomico,B,E
Marisa Stole the Precious Thing,M,G
Streamy Soul Hot-Springs,S,S
Aund By Me,A,E
Sacred Girl's Sacrifice,S,E
Captain Murasa ［Tracy vs. Astronomical Mix］,C,A
Finally Becoming a Buddha,F,A
Night of Knights/ Knight of Nights,N,S
Venus Rocket,V,T
taboo tears you up 2017 -GC EDIT-,T,7
Joker Junko ~ Eienno Junka,J,A
Metamorphosis,M,S
Scream Out!,S,T
"Clouds Over the Moon, and Wind Over the Flowers",C,S
ID,I,D
FEEL MY BEAT!,F,T
FullMoon,F,N
Kage No Densetsu -BUTAOTOME Mix-,K,U
Sayo No Theme ~t+pazolite Arrange~,S,E
Bubble Bobble Medley,B,Y
Battle#2 -Hige Driver Mix-,B,2
THE SEVENTH BOSS 2019 (GC Mix),T,9
A Lightning Dual Hope (GC Mix),A,E
FAKE -PROGRESSIVE KOTA MIX- (GC Mix),F,E
The world of spirit,T,T
Freedom,F,M
Jack-the-Ripper◆,J,R
While Shining feat. Yukacco,W,G
Brain Power,B,R
ouroVoros,O,S
Party 4U ’’holy nite mix’’,P,U
conflict,C,T
AXION,A,N
B.B.K.K.B.K.K.,B,K
Tropics -GC edit-,T,S
Halcyon,H,N
LINK LINK FEVER!!!,L,R
GROOVE LOOP,G,P
An indignant world,A,D
KUNG FU GIRL,K,L
It's a pit world,I,D
Shiva,S,A
VOLT,V,T
Cosmic Ray,C,Y
Got more raves?,G,S
MERLIN,M,N
Lost Colors,L,S
Tobitate! DreamParty,T,Y
Horizons,H,S
ADRENA,A,A
Kimi no Starlight Road,K,D
Hitorishizuka,,
Cirno's Perfect Math Class,,
"Burnt Black, the End of Frozen Beauty",,
Epicurus' Rainbow Can No Longer Be Seen,,
7 days a week,,
The Maid and the Pocket Watch of Blood,,
tete+a+tete,,
Mischievous Sensation,,
And Then There Were None,,
Saishuu Kichiku Imouto Flandre S,,
Romeo and Cinderella,,
Crimson Leaf,,
Getting Faster,,
Fixer,,
Teo,,
Unknown Mother-Goose,,
Reverse Universe,,
I want to be in your heart,,
Akari has Arrived,,
Abstract Nonsense,,
Bonetrousle,B,E
Spear of Justice,S,E
Spider Dance,S,E
Death by Glamour,D,R
ASGORE,A,E
Your Best Nightmare,Y,E
Last Goodbye,L,E
Battle Against a True Hero,B,O
MEGALOVANIA,M,A
THE WORLD REVOLVING,T,G
Demparade Japan,,
W.W.D,,
Denden Passion,,
Sakura Appareshon,,
Chururi Chururira,,
Demparty Night,,
Otsukare Summer,,
Psi Hakkenden!,,
Precious Summer,,
Future Diver,,
The Princess of Lucifer,T,R
THE END OF HATSUNE MIKU,T,U
Cendrillon,C,N
Meltdown,M,N
The MMORPG ADDICTS ANTHEM,T,M
12funclub,1,B
It Seems Like There's A Secret Command To Becoming Happy,I,Y
Alien Alien,A,N
Law-evading Rock,L,K
Andromeda Andromeda -Invade MIX-,A,A
Cristalize!,,
IN MY LIFE,,
DOWN DOWN DOLL,,
My Voice is Dead.,,
Colors,,
Hutatsu No Tamashi Wo Tsurugi Ni Takushite,,
"The Justice Called ""Innocence""",,
"Dance in the Blue Sky, Ink Black Cherry Blosom",,
Border of Colour,,
Dan.Maku.Ke.Kai,,
Future,,
Night Tales Deceive,,
Circuit DISCO,,
Over Drive,,
Perverse Love Rock!,,
Conqueror,,
Into Starlight,,
Reload,,
Tell me,,
Outer Science,,
Finder,,
JINGAI CRISIS,,
Echoed Bonds,,
Guru ☆ Nation,,
Bubble no Jumon ha Shu! Po! Push!,,
Cinderella Cage,,
Gensouno tabibitohe ~ Catch the Heart,,
"Help me, ERINNNNNN!!",,
"Ephemeral, Great and Splendid Land of Grief",,
SACRIFICE feat. ayame (GC REFIX),,
DX Choseinou Full Metal Shojo,D,O
MIRACLE PARTY,M,Y
Xand-Roid,X,D
HAPPY! LUCKY! FUTURE WORLD!,H,D
QLWA,Q,A
MAD FREAKS,M,S
Little Higher,L,R
MOVING FASTER FT. LINDSEY MARIE,M,E
Cosmic Express,C,S
GLITHCRE,G,E
Frey's Philosophy,,
Journey,,
cyanine,,
Apocalypse,,
Song for Sprites,,
Androgynos,,
You are the Miserable,,
Hayabusa,,
Specta,,
MariannE (Lanota Edit),,
glory day,G,Y
OBLIVION,O,N
U.A.D,U,D
Don’t Die,D,E
Nevermind,N,D
Thor,T,R
SON OF SUN,S,N
Fermion,F,N
I want You,I,U
Ray of Illuminati,R,I
1/8000000,,
GROOVE IT LUCKY (GC Mix),,
Iro wa Nioedo Chirinuru wo (Fractal 1.5 ver),,
Ningen ga Daisuki no Kowareta Youkai no Uta,,
Kiyoraka na Koufuku,,
Tengu no Wabi Shoumon,,
I,,
Keep the Faith,,
Foughten Field,,
Kero 9 destiny,,
World's End Dancehall,,
We Are Different!!! (or Same),,
Comet Honeymoon,,
I wanna be it!,,
Suicide Parade,,
Venom,,
Otome Kaibou,,
Zettai Ni Chocomint Wo Taberu Aoichan,,
Villain,,
Yankee Boy Yankee Girl,,
God knows…,,
only my railgun,,
Gokuraku Jodo,,
Yoru ni Kakeru,,
Hibari,,
Shiny Smily Story,,
Tatake Tatake Tee Tatake,,
-A.I.D-,,
Yumemiru Sorae,,
The Koga Ninja Scrolls,,
Gimme gimme virtuaL saikou star!!!!,,
GROOVE THE HEART,,
Caramel Mocha,,
Under The Moon,,
Zawawa,,
PUT YOUR HANDS UP,,
Zenjinrui Inuka Keikaku,,
Aurgelmir,,
FUJIN Rumble,,
"Marry me, Nightmare",,
Lights of Muse,L,E
Stargazer,S,R
XING,X,G
Funkotsu Saishin Casinou,F,U
Gift box,G,X
ЯUBY:LINTe,R,E
Altale,A,E
GOODBOUNCE,G,E
Punai Punai Taisou,P,U
MilK,M,K
Spider's Blood,,
NetaminityTheater「666」,,
OEYAMA Giant Swing,,
"Kodou, Koborenu Sake",,
Satori Eye (feat. y t r),,
BlazeConductor,,
KAMINOHI,,
Okuu no Nuclear Fusion Dojo,,
KARISOME,,
Touhou Souchimai,,
Let you DIVE!,L,E
Gate One,G,E
Poseidon,P,N
Knight Rider,K,R
with U,W,U
Ever Free,E,E
Sound Chimera,S,A
Shiny Memory feat. Yukacco,S,O
RAV#GIRL,R,L
Invisible Frenzy,,
Servant of Evil,,
Iroha Uta,,
Just Be Friends,,
Remote Control,,
Amanojaku,,
39 Music!,,
Jailbreak,,
Junky Night Town Orchestra,,
KING,,
Doctor=Funk beat,,
OVER THE NIGHT,O,T
SKYSCRAPER,S,R
Groove Prayer,G,R
HG Makaizou Polyvinyl Shounen,H,N
JUMPEE!,J,E
Heisei Kaisei Dottensyan,H,N
APELIOTES,A,S
Apocalypse Lotus,A,S
Third Time UNLucky,T,Y
Interceptor of SIREN,I,N
Hare Hare Yukai,,
Connect -TV MIX-,,
DreamRiser,,
Moonlight,,
Usseewa,,
Kaikai Kitan,,
Mr.VIRTUALIZER,,
"Excuse My Rudeness, But Could You Please RIP?",,
HINOTORI,,
fake town baby,,
Ignotus,I,S
Be There,B,E
Metallic Punisher,M,R
Modelista,M,A
Singularity,S,Y
Corruption,C,N
Grievous Lady,G,Y
Black Lotus,B,S
GOODTEK,G,K
First Snow,F,W
1llusion 0f the FAIRYtALE hARMONY,1,Y
Play merrily NEO,P,O
Invader OnDo,I,O
Seija no Kigan,S,N
DX Choyasei! Survival Zundoko Chan,D,N
koinegau,K,U
Valkyrja Requiem,V,M
COSMOSTART,C,T
Happy 10th anniversary,H,Y
Per Aspera Ad Astra,P,A
仙酌絶唱のファンタジア,,
IMAGINA,,
君色Petal,,
ピュアヒューリーズ-YS MIX-,,
ロストワードクロニカル,,
ホイホイ☆幻想ホロイズム,,
シアワセうさぎ・ぺこみこマリン,,
幻想に咲いた花,,
マツヨイナイトバグ,,
東方音銃夢,,
LOVE!HUG!GROOVY!!,,
ぐるぐるDJ TURN!!,,
電乱★カウントダウン,,
Photon Melodies,,
バラライカ,,
気分上々↑↑,,
CAPTAIN NEO～BOSS SCENE1(D4DJ MIX),,
CHAOS～BOSS SCENE7(D4DJ MIX),,
URBAN TRAIL(D4DJ MIX),,
DADDY MULK(D4DJ MIX),,
Seizya no Kodo,,
Satisfiction,,
AM Kizoku Sutadontan Denka,,
Jukusei Jozo Hakkosei - Space Yogurt Earth,,
The secrets of ghosts,,
#AKKAN_BABY,,
Adventure for Two Tones,,
Moonflare,,
Cryptocurrency Billionaire,,
Warlock,,
Kokoro,,
Double Lariat,,
Ametokusari,,
Crazy ∞ nighT,,
Dreamin Chuchu,,
Positive Dance Time,,
Good-Bye Declaration,,
ヴァンパイア,,
ぐるぐるめろメロディ♪,,
ルカルカ★ナイトフィーバー,,
女々しくて,,
全力バタンキュー,,
RDY,,
アゲナゲン,,
怪物,,
マイアングル,,
オペレーション・ネバーランド,,
We are VOX MONSTERS,,
Second Sight Stella,,
Pray,,
PIXEL STAR,P,R
Kung Fu Master,K,R
Owaranai Grtoove,O,E
TAKING OFF,T,F
Lethal Dose,L,E
Welcome to the Multiverse!,W,E
GrimoireD,G,D
Headshot,H,T
Sorae,S,E
SHINDOI THE RIDE,S,E
Namcot Medley,,
KAGEKIYO 源平討魔伝メドレー,,
ドラゴンスピリットメドレー,,
Penetration of light into morality,,
ON THE VERGE OF REVIVAL(RED HARDCORE REMIX),,
Twister -Final Remix-,,
サムデイ,,
NEW GAME,,
LAST CALL,,
Shadow,,
スカーレット警察のゲットーパトロール24時,,
No Life Queen [DJ Command Remix],,
Who Killed U.N.Owen,,
細い線,,
東方散楽祭,,
ってゐ！ ～えいえんてゐver.～,,
患部で止まってすぐ溶ける ～ 狂気の優曇華院,,
Cruel Moon NuMIX,,
囲い無き世は一期の月影,,
境界の宴,,
Legend of Moonlight,L,T
The Prince of Darkness,T,S
ApolloN,A,N
A Site De La Rue,A,E
sweet★star,S,R
WE ALIVE,W,E
picking,P,G
Daydream,D,M
Hi-TECH Soda Machine,H,E
Kamui,K,I
